name,handle,text,timestamp,collected_at
Piyush Goyal,@PiyushGoyal,"Rahul Gandhi's statement points towards a major conspiracy by the Congress, along with all opposition parties, and the toolkit gang dreaming of destabilizing India, against the country. This is no ordinary statement but a serious plot to spread anarchy in the nation.

When Rahul",2026-05-24T04:42:31.000Z,2026-05-25T10:31:04.140113
India गठबंधन,@IndiaAllliance,"The Modi government will fall within 1 year

- LOP Rahul Gandhi

For your information, let me tell you that not a single prediction by Rahul Gandhi ji has ever been wrong to date.

Jananayak RAGA will be the country's next Prime Minister.",2026-05-24T03:02:48.000Z,2026-05-25T10:31:04.208680
Sambit Patra,@sambitswaraj,"Rahul Gandhi said in the Congress Party's minority advisory meeting that, ""In the next one year, the Modi government will fall.""

This statement clearly indicates that Rahul Gandhi is plotting to topple the government through anarchy. But the people of the country will never",2026-05-24T05:56:39.000Z,2026-05-25T10:31:04.295123
SriSathya,@sathyashrii,Rahul's Prediction....,2026-05-24T10:53:53.000Z,2026-05-25T10:31:08.276983
Loustinianós Augustus,@princepoptimus,"The kind of economic collapse that is coming, if it collapses, its army rule not civilian",2026-05-24T09:21:13.000Z,2026-05-25T10:31:08.352152
Shekhar,@Shekharcoool5,"“In one year, Modi’s Prime Minister position will go.”

- Rahul Gandhi",2026-05-24T06:46:35.000Z,2026-05-25T10:31:08.433748
Alice Smith,@TheAliceSmith,Another trait Muslims strongly share with Marxists.,2026-05-24T06:39:13.000Z,2026-05-25T10:31:08.506447
Pradeep Bhandari(प्रदीप भंडारी),@pradip103,"RAHUL GANDHI IS LOSING HIS MIND AGAIN ! 

I sometimes wonder what exactly Rahul Gandhi is high on after returning from foreign trips. 

A leader under whose leadership Congress has faced repeated electoral humiliations and shrinking public ( CONGRESS HAS LOST 99 ELECTIONS)",2026-05-24T04:10:37.000Z,2026-05-25T10:31:08.575859
News Arena India,@NewsArenaIndia,"Rahul Gandhi-

""PM Modi led Govt to fall within a year.""",2026-05-24T08:11:57.000Z,2026-05-25T10:31:08.673893
Sarcastic.,@Sarcaztick,"Rahul Gandhi appreciation Tweet.

For a long time, I had an issue with secular parties that they tend to brush aside Muslim issues or avoid mentioning Muslims directly in order to prevent vote polarisation. 

But Rahul Gandhi clearly telling Muslim leaders to raise Muslim issues",2026-05-24T11:41:16.000Z,2026-05-25T10:31:08.737839
Rajeev Nigam,@apnarajeevnigam,"Everything else is fine, stop this 140 crore scam, out of 140 crore, nearly 100 crore people don't want you, do your own calculation and see.",2026-05-24T11:09:45.000Z,2026-05-25T10:31:08.810898
T S Singhdeo,@TS_SinghDeo,"Piyush ji, ""Governments come and go""  
These very words were spoken by Atal Bihari Vajpayee ji, who was a top BJP leader.  

So the Modi government is nothing unique; this government too will soon be gone—the people themselves will remove it from power. This is the rule of",2026-05-24T07:59:49.000Z,2026-05-25T10:31:08.899644
Ajay Kumar Lallu,@AjayLalluINC,"‘Successful Prime Minister’??? Do you even know what ‘successful’ means? The one who would sell the country off to Adani, destroy the country’s foreign policy, and drag India’s sovereignty out onto the street—you’re calling him successful? 
Narendra Modi has, for petty",2026-05-24T07:24:53.000Z,2026-05-25T10:31:08.979150
Maktoob,@MaktoobMedia,"Rahul Gandhi urged Congress leaders to speak about injustices against Muslims as Muslim issues, saying they should not be reduced to broader “minority” concerns.
maktoobmedia.com/share/115551",2026-05-24T09:08:11.000Z,2026-05-25T10:31:12.708595
Ruhi Tewari,@RuhiTewari,It is precisely this unrealistic thinking & hubris that has brought Congress to the precipice of destruction. It is also an affront to the mandate of the people of India to make such claims. The Congress has less than a 100 seats in the Lok Sabha & is in power in just four,2026-05-24T06:36:15.000Z,2026-05-25T10:31:12.811515
The Chronology,@TheChronology__,"Congress is the new Muslim League 

Seems like Rahul Gandhi is all set to screw Akhilesh Yadav in UP

Rahul Gandhi has asked Congress volunteers to be vocal for Muslim, increase Muslim representation in Congress, openly stand with Muslims",2026-05-24T07:54:33.000Z,2026-05-25T10:31:12.909695
Ram Subramanian,@iramsubramanian,"Modi Government is going to fall for sure. No doubt about it. Many who tormented people with their divisive, hate filled, agenda will end up in jail. No doubt about it either.",2026-05-24T11:09:25.000Z,2026-05-25T10:31:12.988120
Ria,@RiaRevealed,"Hey, oh offspring of Einstein 
@PiyushGoyal
, is it an old habit of 
@BJP4India
 to label every question-asker a traitor and every opposition a conspiracy—starting up whenever you see fit? The reality is that Rahul Gandhi has raised his voice on the people's unease and the",2026-05-24T08:26:02.000Z,2026-05-25T10:31:13.044679
Shantanu,@shaandelhite,Look for the work of your ministry rather focusing on Rahul Gandhi,2026-05-24T06:16:48.000Z,2026-05-25T10:31:13.131302
OpIndia.com,@OpIndia_com,"Rahul Gandhi Claims Modi Government Will Fall Within a Year

What do you think of this statement?

Is this merely a political prediction, or does it signal an attempt to build a narrative against a democratically elected government?",2026-05-24T11:02:03.000Z,2026-05-25T10:31:13.214725
ساحل کاظمی,@sahilkazmii,"This is how everyone in the opposition should respond. A crime against Muslims should be called out plainly, not diluted into a generic crime against “minorities.” Call a spade a spade.",2026-05-24T03:47:19.000Z,2026-05-25T10:31:17.330405
N Ramchander Rao,@N_RamchanderRao,"Anti-India Rantman is back with another dose of anti-India propaganda.

The Leader of Propaganda’s (LoP) latest statement points to a larger conspiracy by the Congress and its allies to destabilise India. Congress’ hatred for the people of India is also visible in such",2026-05-24T07:49:58.000Z,2026-05-25T10:31:17.397094
Mohan Sinha,@Mohansinha,Rahul Gandhi has been claiming such things since he started his campaign against the Rafale.,2026-05-24T07:10:51.000Z,2026-05-25T10:31:17.472044
Md Hafizur Rahman,@MdHafiz59473117,"If Rahul Gandhi's statement points to a major conspiracy against nation, one aimed at destabilizing India.
And if this is not merely an ordinary statement but rather a grave plot to sow anarchy within the country, then why does Modi Govt not take any action against Rahul Gandhi?",2026-05-24T12:07:49.000Z,2026-05-25T10:31:17.548103
NDTV,@ndtv,"""Grave Conspiracy Aimed At Spreading Anarchy"": BJP Slams Rahul Gandhi Remark 
ndtv.com/india-news/bjp
…",2026-05-24T08:16:54.000Z,2026-05-25T10:31:17.630641
नंदिता ठाकुर,@nanditathhakur,"'Modi government will fall in the next one year', says Rahul Gandhi at Congress meeting

At the Congress minority advisory committee meeting, Rahul Gandhi made a big claim, stating that PM Modi's exit is certain in the next one year and rising economic discontent will be the",2026-05-24T04:08:09.000Z,2026-05-25T10:31:17.705414
OpIndia.com,@OpIndia_com,"Rahul Gandhi hallucinates yet again, claims Modi government will topple within one year, BJP gives him a reality check
opindia.com/news-updates/r
…",2026-05-24T12:17:17.000Z,2026-05-25T10:31:17.780638
C.R.Kesavan,@crkesavan,"Rahul Gandhi is sounding like a modern day Judas, speaking the treacherous language of betrayal against our nation and against people’s mandate. Rahul Gandhi’s anti democratic remarks are a frontal attack on india's sovereignty, unity and integrity. There is a dangerous pattern",2026-05-24T11:19:44.000Z,2026-05-25T10:31:21.700589
Asma,@asmatasleem13,"According to the BJP, speaking up against injustice faced by minorities is branded as “anti national “

Minority rights are enshrined in the Constitution of India. How can defending something guaranteed by the Constitution be called “anti national”?",2026-05-24T09:29:25.000Z,2026-05-25T10:31:21.770888
VIGNESH SHISHIR,@VIGNESHBJP_KTK,Both will get arrested in whole process let me also see,2026-05-24T09:15:31.000Z,2026-05-25T10:31:21.837809
Hindustan Times,@htTweets,"'Trying to create anarchy': BJP leaders target Rahul Gandhi over 'Modi govt will fall in next one year' remark

Stay updated with all the stories that matter — download the Hindustan Times App",2026-05-24T10:06:53.000Z,2026-05-25T10:31:21.914382
Servant of the People,@chingchongwings,"This is why DMK so strong against Congress for past few days…
Main reason is they want to fight against empowerment of Muslims no matter what…
Last election nearly 15% of DMK voters were Muslims yet they gave only 1 rolling ministry to Muslims moreover to rowdy Nasar…",2026-05-24T04:58:10.000Z,2026-05-25T10:31:21.978442
Yusuf A Ahmad Ansari یوسف انصاری,@yusufpore,"It is odd that neither 
@INCMinority
, nor its incumbent Chairman have found time to comment on the only reported statement of value that came out of this council meeting, 24 hours ago. Instead we have yet another post devoted to harvesting social-media influence.

Is there really",2026-05-24T10:49:26.000Z,2026-05-25T10:31:22.034666
°अद्वितीय°,@AnupamHB,"The BJP is not the country of India, nor is Modi a god.",2026-05-24T07:05:34.000Z,2026-05-25T10:31:22.132940
Mohammed Mubashir,@Mubashir_AIMIM,"This idea is actually dangerous, Muslims representing Muslims is good like any other social class in India, but not calling Muslims in India a minority is strengthening the idea of BJP and RSS. 
@RahulGandhi",2026-05-24T10:35:18.000Z,2026-05-25T10:31:22.183676
Dear Men,@Dear_Men_Life,"Such words should not be taken lightly.

There proxy Cockroach Janta Party 
Founder Abhijeet is  just soft version of Umar Khalid.

""We won't allow CAA & NRC to be implemented.

We won't show papers""

Riots like CAA/NRC planned against govt?",2026-05-24T05:59:27.000Z,2026-05-25T10:31:26.415058
وفاءآعظمی WafaAzmi,@awafaazmi,It’s our principal stand we aren’t minority we are Muslim indian so except us exactly what we are,2026-05-24T09:48:17.000Z,2026-05-25T10:31:26.483554
Wednesday,@TheOrionMish,Rahul Gandhi saying ‘Muslim’ in 2026 isn’t a big step forward. A decade of ‘minority’ euphemisms to duck polarisation failed. Now he’s mopping up his own cowardice. Clap for him?,2026-05-24T20:01:18.000Z,2026-05-25T10:31:26.537410
Murali K,@MuraliK62,Same script writer from George Soros school.,2026-05-24T07:19:16.000Z,2026-05-25T10:31:26.601946
Economic Times,@EconomicTimes,INDIA bloc's conspiracy to set India ablaze will never succeed: Piyush Goyal slams Rahul Gandhi,2026-05-24T09:36:50.000Z,2026-05-25T10:31:26.669634
Amrit Anand,@AMR1T1,"Cong entire bet is on recession due to oil crisis & AI risks to service exports. The second one is very difficult. First one can play either ways, once the inflationary impact of oil goes off, we can see liquidity injection all around,if it continues he might succed.",2026-05-24T09:02:32.000Z,2026-05-25T10:31:26.737191
Jiten Gajaria,@jitengajaria,Only official name change to Muslim Congress League is pending. Rest all in place.,2026-05-24T08:47:38.000Z,2026-05-25T10:31:26.806922
Santosh Singh Parmar,@DadaParmar,"Who has been feeding Rahul Gandhi this wisdom for the past 12 years that the Modi government will fall next year? Since 2024, Rahul Gandhi even dreams while awake during the day that the Modi government will fall.

If this continues, 
@RahulGandhi
 might soon be seen at the",2026-05-24T04:05:25.000Z,2026-05-25T10:31:30.551898
ساحل کاظمی,@sahilkazmii,Congress itself must learn to clearly call out crimes against Muslims. That responsibility cannot be left solely to Muslim leaders.,2026-05-24T03:49:17.000Z,2026-05-25T10:31:30.615442
denora,@leoperaghost,Grave Conspiracy theory: is BJP/RSS secretly an Rahul Gandhi endorsement account?,2026-05-24T09:20:06.000Z,2026-05-25T10:31:30.670679
manju,@justtweettz,Everyone can dream. Why must he be any different ,2026-05-24T06:38:00.000Z,2026-05-25T10:31:30.749494
God's Third Eye (तीसरी आंख ),@SecularMaharaj,"The Modi government will fall within 1 year

- LOP Rahul Gandhi

For your information, let me tell you that not a single prediction by Rahul Gandhi ji has ever been wrong to date.

Jananayak RAGA will be the country's next Prime Minister.",2026-05-25T01:49:28.000Z,2026-05-25T10:31:30.821851
The Pioneer,@TheDailyPioneer,"Maharashtra CM 
@Dev_Fadnavis
 mocked Congress leader 
@RahulGandhi
 over his prediction that the NDA government would collapse within a year. Fadnavis dismissed the remark as “mere imagination” and compared it to “Mungerilal ke haseen sapne” — a phrase used for unrealistic",2026-05-24T11:01:58.000Z,2026-05-25T10:31:30.880081
IANS,@ians_india,"'INDI alliance's conspiracy to set India ablaze will never succeed': Piyush Goyal on Rahul Gandhi's remarks 

· Union Minister Piyush Goyal launched a sharp attack on Congress leader Rahul Gandhi on Sunday following his recent remarks at a party meeting, alleging that opposition",2026-05-24T10:22:38.000Z,2026-05-25T10:31:30.954765
KTPeriPeri,@kaarnama13,He should be more concerned about losing his party deposit in every election,2026-05-24T09:07:20.000Z,2026-05-25T10:31:31.038635
Renu_INC,@reji_peter,"One person cannot plan a civil war. It happens when people turn against the govt. Seeing the current state of ECI, ED, media, judiciary etc, do you think people really need Rahul Gandhi to make them understand",2026-05-24T08:50:08.000Z,2026-05-25T10:31:31.097686
An Indian,@OfficialAICVC,"Minity, a man can either be clown or dangerous not both.",2026-05-24T08:29:30.000Z,2026-05-25T10:31:31.155715
Moin Khan,@MoinAfridiMP,"Rahul Gandhi urged Congress leaders to speak about injustices against Muslims as Muslim issues, saying they should not be reduced to broader “minority” concerns.
@RahulGandhi",2026-05-24T09:22:10.000Z,2026-05-25T10:31:35.412061
Ramachandra,@Nolifewoluv,"Recieved a video where this useless but a threat to the nation had been compared to that invader who tried to raze a temple down for 17 times, failed and finally succeeded. 99 losses so far,",2026-05-24T08:41:04.000Z,2026-05-25T10:31:35.468070
Sjoseph,@sjoseph100,"Firstly, it was not said in public. Secondly, why the meltdown??",2026-05-24T08:04:29.000Z,2026-05-25T10:31:35.533752
%Hindu % follow back (Modi ka Parivar),@VipulinSydney,"@PiyushGoyal
 ji, I have grat respect for you , but just reminding you, your party has been in power for the last 12 years.

PLEASE BEHAVE LIKE A POLITICAL PERSON IN POWER.

STOP CRYING .",2026-05-24T06:07:15.000Z,2026-05-25T10:31:35.606769
Democrat.,@DemocratLynn,"Still trying to fool the country?
Modi is your PAPA.",2026-05-24T11:48:46.000Z,2026-05-25T10:31:35.669736
Avinash Shishoo,@laidback1954,What he says is the same as Mamata said a few days back. Both have a direct link to the Deep State!!,2026-05-24T11:12:29.000Z,2026-05-25T10:31:35.795725
राजेश सनातनी,@rajesh271285400,"Rahul Gandhi’s “government will collapse within a year” remark has triggered a massive political clash 
Union Minister Piyush Goyal responded sharply, calling the statement a “serious plot” to spread anarchy and violence across the nation.
Political temperatures rising once",2026-05-24T10:47:53.000Z,2026-05-25T10:31:35.911294
R,@ritesh_1625,"But, how? BJP is aiming for 2/3rd majority in Lok Sabha by breaking TMC, NCP and allying with other parties.

Without break in BJP, govt will not fall.",2026-05-24T10:26:22.000Z,2026-05-25T10:31:35.990365
Pooja,@poojaofficial5,Nothing will happen until the people get the bowl in their hands.,2026-05-24T10:15:08.000Z,2026-05-25T10:31:36.045768
Inder,@InderDubey,"Even if economic crisis happens in India, Modi government will still remain in power as there is no other stable political party or alliance that can run the government in this hostile global environment... So the message to both external and internal enemies of India is that",2026-05-24T09:07:36.000Z,2026-05-25T10:31:36.108681
Renu_INC,@reji_peter,"When bjp topples state govt, it is desh seva. If congress does, then it is conspiracy, toolkit, destabilising etc etc . Hypocrisy.",2026-05-24T08:38:25.000Z,2026-05-25T10:31:36.180680
Altruist LS,@SethLalits,"Fact. A Dastardly Regime that does Blatant Vote Chori in cahoots with ECI, has artificially and forcefully captured power is surviving on Two Crutches of Double N. Let's see how long it keeps making Kamal  Ka Fool out of People.",2026-05-24T08:04:11.000Z,2026-05-25T10:31:36.252126
Ravish,@1982ravish,Muslim is CONgress and CONgress is Muslim,2026-05-24T12:31:14.000Z,2026-05-25T10:31:40.388342
Ricky Rajkumar,@Rickyrajkumar,"I absolutely agree. Even if a person is from zarvaiah tribe, he's still protected by the Constitution.",2026-05-24T12:28:07.000Z,2026-05-25T10:31:40.443305
Esha Agerwala,@Deveshvari,"He's been planning this for the last 5-7 years via farmers protests, delhi riots, CAA art 370 protests but Hindus are way too lazy to fight back... Unko uthana jagana bahut mushkil hai...",2026-05-24T12:24:01.000Z,2026-05-25T10:31:40.504710
Satish Joshi (Modi Ka Parivar),@SatishJoshi_1,"Ye Banda Conspiracy me shamil hai 
@NIA_India
 should take appropriate action on him",2026-05-24T12:23:23.000Z,2026-05-25T10:31:40.590932
Thus Spake,@thus_spake,"@PTI_News
  @RahulGandhi
 @BJP4India
 
MUSLIM SHOULD BE WEARY OF WHAT THIS GANDHI ‘KID’ SAYS.

HE SEEMS TO BE WINDING YOU LOT UP TO CREATE TROUBLE FOR MODI GOVERNMENT.

THIS BLOKE NEVER GREW UP AND LEARNED REAL POLITICS, ONLY TITLE TATLE!",2026-05-24T12:11:59.000Z,2026-05-25T10:31:40.654724
Dr.Chandrakant K.,@chandra50422690,"Hindus have to be more vocal and active for any incidences/acts by muslims harming hindu interests and religion.

Hindus must counter now. And on large scale.",2026-05-24T12:06:57.000Z,2026-05-25T10:31:40.726149
Tanuj Singh,@tanujsingh0625,If TDP and JDU wants then it will happen today.,2026-05-24T12:02:51.000Z,2026-05-25T10:31:44.561499
Pushkar Sakarwal (Native of india),@P_Sakarwal,Good ..... future teller by Rahul bhai ji,2026-05-24T12:01:55.000Z,2026-05-25T10:31:44.633254
Sunil Desai,@sunilddesai,"This is the new narrative when one cannot reply to question of common and also raised by 
@RahulGandhi
 than start a program that he is going to create trouble ...whilst the Cavaliers themselves are trouble ...Hope people understand the act and react accordingly",2026-05-24T12:01:51.000Z,2026-05-25T10:31:44.711476
Weakest LINK,@_WeakestLink,"Problem that we always has was neither the govt nor the opposition are capable of solving India's problem. Can opposition show anyone state run by them where jobs, healthcare, education, pollution, law and order are not an issue?

Voters kinko chune? 

#India",2026-05-24T11:57:23.000Z,2026-05-25T10:31:44.786347
Vivek Vadke,@vivek_vadke,"Good that you acknowledge you are 25 crore strong and not a minority.
GoI should recognise that immediately.",2026-05-24T10:59:50.000Z,2026-05-25T10:31:48.798194
Shrinivas Karkala,@s_karkala,"Sir, you were made BJP election campaign in charge during recent Tamilnadu elections. BJP won one seat. Congratulations.",2026-05-24T10:57:22.000Z,2026-05-25T10:31:48.861167
Ramachandran Mahesh,@zindadilmac,"Where in the quoted statement do  you see destabilization and dangerous mindset?
In 2014 you all said the same thing - INC will be rooted out + Congress Mukt Bhaarat etc.",2026-05-24T10:47:35.000Z,2026-05-25T10:31:48.930317
Vardhini Bhattacharjee,@vardhiniyerbh,Which India are you talking about? Your kids and God knows how many of your people are settled abroad. Why bother about india,2026-05-24T10:41:26.000Z,2026-05-25T10:31:49.010673
hemanshu mistry,@_hemanshu_,Shit I read your bio after reading the comments ,2026-05-24T10:31:51.000Z,2026-05-25T10:31:49.073900
Sniffing Around,@SpaceTechUs,"Oh I see. Expecting a prime minister to go is against the country. Logic is already out of the window.

Every shot that's taken on you or your party, you either direct to the country or army or farmer.  Your criticism is your criticism, the country wants no parts in it.",2026-05-24T10:27:11.000Z,2026-05-25T10:31:49.134665
Monalisa Chauhan,@Bharat65904840,Desperately waiting for getting #RahulGandhi statement to be true....,2026-05-24T10:23:14.000Z,2026-05-25T10:31:49.214931
Paladugu Krishna Rao,@avakava,"CHINA must be exited.
cc
@BJP4India
 
@RahulGandhi",2026-05-24T10:21:49.000Z,2026-05-25T10:31:49.281597
Ashwath,@3DAshwath,"Muslim party 
@INCIndia
 leader shree 
@RahulGandhi
's msg to congress minority department",2026-05-24T10:11:54.000Z,2026-05-25T10:31:49.339965
Poojaa,@pooja_says01,"Godi media - Rahul gandhi is taking stands for Muslims , congress is now Muslim league 

Reality - Rahul gandhi said "" the fight is now not between hindu or Muslims but now between rich or poor. That's the Perfect Statement and great one.

Why media didn't talk about this ?",2026-05-24T09:57:42.000Z,2026-05-25T10:31:49.405776
joy,@demetriastudy,"How many mandates taken away from Congress by the BJP through ""jodo-todo"" in last 12 years?
I agree with the premise but the Congress is more popular than just the states it governs would show because of post poll operations, reflected in it's 23% vote share",2026-05-24T09:57:09.000Z,2026-05-25T10:31:49.480890
Dr. Babu Bhaiya,@Baburao_aptay,He said that a year ago. And 13 years before that ,2026-05-24T09:54:37.000Z,2026-05-25T10:31:49.543944
S B Tiwari pcs retd,@s_b_tiwari,Soros assured Rahul gandhi that govt will collasp.,2026-05-24T09:52:24.000Z,2026-05-25T10:31:49.607562
S B Tiwari pcs retd,@s_b_tiwari,Only muslim will ensure ur victory.,2026-05-24T09:48:31.000Z,2026-05-25T10:31:49.665096
Pradeep Joshi,@Pradeep4779,What is wrong in the RaGa statement???? Shame on u and ur party',2026-05-24T09:26:32.000Z,2026-05-25T10:31:54.682469
Rajagopalan srinivasan,@rajagopalan8,Fool.bjp may get extra votes from dmk.,2026-05-24T09:25:46.000Z,2026-05-25T10:31:54.751704
bravoman,@an_usa_bar,Modi government will fail not BJP government,2026-05-24T09:24:29.000Z,2026-05-25T10:31:54.818351
Dumb & Dumber,@love2speaktruth,"Pappu's 
@Rahulgandhi
 Congress is Muslim League Party",2026-05-24T09:24:24.000Z,2026-05-25T10:31:54.884549
Pradeep Joshi,@Pradeep4779,We just want to laugh at ur statement Now the public has realised ur party intentions and we just want to get rid of this insensitive govt ...by voting u out,2026-05-24T09:23:57.000Z,2026-05-25T10:31:54.951558
chay,@DirChay,Khandhi is trying hard to destabilize India ,2026-05-24T09:23:37.000Z,2026-05-25T10:31:55.018767
Prashanth Acharya (ತುಳು ಕನ್ನಡಿಗ ಮೋದಿ ಪರಿವಾರ),@PrashanthKalasa,"Congress Izlamic appeasement is not secret anymore. It has come out in public openly

Chewtiya secular boot licking & Pappu mutr drinking Hindus now its your call, whether you still support Congress, go & eat Biryani in Iftar or quit Congress, become independent? Choice is yours",2026-05-24T09:21:29.000Z,2026-05-25T10:31:55.086521
Poonam Suri ( Modi Ji ka Pariwar ),@punamapril17,"What else did they do when in the power 
Now trying to play the same game of appeasement.",2026-05-24T09:20:56.000Z,2026-05-25T10:31:55.161319
MS,@mohitshenoy,The whole country is hoping for it. ,2026-05-24T09:01:22.000Z,2026-05-25T10:32:00.069559
Sanjay Gera,@sanjaygera,He only wants to avoid internal elections and stay on top,2026-05-24T08:56:47.000Z,2026-05-25T10:32:00.133679
Kev,@k3v1nkn0w5,"For too long you ""scoundrels"" are hiding behind your frauds under the guise of nationalism

Well, now , it is all but exposed, what you're govt is doing. We the people will throw you out and this time even ECI won't be able to rescue you",2026-05-24T08:53:57.000Z,2026-05-25T10:32:00.200651
Rajat Srivastav,@RozatRajat,"The idiot #Pappu 
@RahulGandhi
 will die many political deaths without even scratching a bit of either 
@BJP4India
 or 
@RSSorg
 and as a matter of fact #Modi.",2026-05-24T08:53:32.000Z,2026-05-25T10:32:00.283328
Tycoonthangraj,@tycoonthangraj,"I don’t think 140 crore people voted for 
@narendramodi
 and 
@BJP4India
, so straight off the bat, you’re spinning by a bogus tale!
If 140 Crore people love you, why do you constantly post about 
@RahulGandhi
?",2026-05-24T08:53:31.000Z,2026-05-25T10:32:00.367302
DEBASIS ROY,@_roydebasis,"Let's talk after 1 year.
If what Rahul Gandhi says doesn't happen, he is not the son of one father.",2026-05-24T08:50:02.000Z,2026-05-25T10:32:00.439005
AS,@as17jan,"Hey 
@RahulGandhi
 You are not lazy, you are just very committed to imaginary success.",2026-05-24T08:48:52.000Z,2026-05-25T10:32:00.503634
nahhh,@Irmebr,I hope especially this prediction comes true!,2026-05-24T08:41:39.000Z,2026-05-25T10:32:00.583598
Mrs Palakkadan,@Lotus2021,"Finally, after four generations of denying their Muslim origins, the clown embraces his DNA.",2026-05-24T08:37:45.000Z,2026-05-25T10:32:00.648501
The Modi Bhakt / मोदी भक्त,@AdvSandeepBJP,Rahul Gandhi thinks by making such  baseless comments people will vote for him ,2026-05-24T08:33:07.000Z,2026-05-25T10:32:00.726046
Vikram Savitrimane,@VikramSavitri,"Okay then Shah government or Yogi government follows, never again Mata-beta government.",2026-05-24T08:28:00.000Z,2026-05-25T10:32:00.793377
D ! V Y,@DivySly,"So what shall we fear more?? 

Economic collapse?

Or, the fall of the Modi govt due to economic collapse??

Or, Rahul Gandhi becoming the PM because of the fall of the Modi govt due to economic collapse???",2026-05-24T08:27:25.000Z,2026-05-25T10:32:00.860060
chay,@DirChay,This means he will try everything to unsettle the Indian economy,2026-05-24T08:25:58.000Z,2026-05-25T10:32:00.958477
Dr. Vijai Shanker Tiwari,@DrVijaiShanker2,"Always With Nation 
Always With Truth 
Always With Samvidhan 
Always With Nyaya 
The Strongest Voice of Farmers, #Zen_G , Youths, Labours,and 140 Crore Indians suffering from Tanashahi of Modi Govt and ND Gang 
#ProudOfYou 
Hon'ble Shri 
@RahulGandhi
 Ji LoP Loksabha",2026-05-24T07:57:32.000Z,2026-05-25T10:32:05.489392
Bala A Kumar,@balaakumar,"'PM Modi-led govt to fall within a year,' says Rahul Gandhi; Union Minister responds
shrts.in/1230a2aamb
 -via inshorts what a forecast and when he has becomes such expert may be Mamta influence",2026-05-24T07:55:47.000Z,2026-05-25T10:32:05.535806
Dr. Suchitra Raghavachari,@DrSRaghavachari,"Basically.... saving democracy puppets have no respect for democracy, republic or constitution?

Are they coordinating with regime change toolkit, globalist puppeteers, theocratic dem change tukde gang.... that they reveal their soch, so blatant?

They dishonor the citizen",2026-05-24T07:55:33.000Z,2026-05-25T10:32:05.597039
•,@AskJK02,Rahul Gandhi is being launched in every election. He is an iota.,2026-05-24T07:49:49.000Z,2026-05-25T10:32:05.680808
A S RAJAWAT,@ASKUSHWAHA10,"RG is a Lion . 
Lions does not need help from neighbouring jungle to kill their prey . 
As a LOP he has every right to issue threat to govt for its replacement . He is a well qualified with human sensitivity unlike illiterate Gappu who is proven joker. 
@INCIndia",2026-05-24T07:48:46.000Z,2026-05-25T10:32:05.744354
Vish Iyer,@Vish04Iyer,Woe to India .. lucky that it will never be a reality !  We dint need mediocrity or fake guys as our leader !! A Brit at that !!,2026-05-24T07:46:32.000Z,2026-05-25T10:32:05.818075
Eric Singh,@RaghaavMD,Will this christian become Prime Minister even in his own fantasy?,2026-05-24T07:46:04.000Z,2026-05-25T10:32:05.871033
Mohan,@Mohan08417213,"Real hero who is punchering Gappu's 56,exposing the clown of #Adani is 
@RahulGandhi
 . Fekku fikir would have picked  jhola in 2019 itself had the terror attack, #Phulwama was not managed n fake nationalism imposed through loot money by 
@RSSorg
 ecosystem through state. 
@ANI",2026-05-24T07:41:55.000Z,2026-05-25T10:32:05.943145
Virendra Vikram Singh # योगीभक्त,@virendra_it,"Until Sonia was not in poltics it was not wild ..she joined and it became wilder and now her frustrated son 
@RahulGandhi
 has a plan to create internal war against INDIA. So mr Gandhi u can keep dreaming and if u think u wil not get back ur ways in ur way !",2026-05-24T07:38:19.000Z,2026-05-25T10:32:05.999114
MS,@mohitshenoy,Right now BJP is in a la la land of 2047 !,2026-05-24T07:16:05.000Z,2026-05-25T10:32:09.613657
Deus Vult,@sudheerjohn711,I have small suggestion to you when get out of power don't go into public. You do not know the frustration level of public against bjp.,2026-05-24T07:12:21.000Z,2026-05-25T10:32:09.733050
The Wannabe Witch,@mindmusclelab,"Piyush, anyway your kids are settled in USA... I am sure you would've made a deal with Trump to arrange them Green cards.

You better pack up.",2026-05-24T07:12:07.000Z,2026-05-25T10:32:09.808631
Raghunath,@blunt_comment,"The cockroaches - calls govt Nazi,anti ppl
The missionaries as POTUS - desperately trying to pin down,sarkar as deal
The pliable media, fanning sedition as FOS - to nurture .5 front
And opportunist politician Pappu likes with such statements. By design,they r confusing us,indians",2026-05-24T07:11:56.000Z,2026-05-25T10:32:09.878770
TANYA,@tanitiwari16,Yr ye 2 saal se yahi bol rha hai. Presidential elections to inse jeete nahi jaate.,2026-05-24T07:09:56.000Z,2026-05-25T10:32:09.937703
Altruist LS,@SethLalits,Fast  Forward  Laughing after Selling the Country. ,2026-05-24T07:09:41.000Z,2026-05-25T10:32:09.996213
Salil Mathur Modi ka Pariwar,@Saliltoday,"BJP won't fall as long as Rahul Gandhi is the alternative. Congress has zero grassroot presence. And, furthermore the Congress Party loses deposits where he and his sister campaigns.",2026-05-24T07:06:11.000Z,2026-05-25T10:32:10.065789
…………….,@AjeebDastan7,"How does 
@RahulGandhi
 know this ? Is he studying astrology 
@INCIndia
 

What dies he know that we don’t 
@Shehzad_Ind
 @BJP4India
 @PMOIndia",2026-05-24T07:04:04.000Z,2026-05-25T10:32:10.137603
alok verma,@IamAlok_Verma,"BJP is not India. Modi is not India. The decimation of BJP and Modi is important for Democracy and India to shine and rise again.

Hope Rahul Gandhi gonna lead this very important movement for India to win like MK Gandhi led against British.",2026-05-24T07:01:35.000Z,2026-05-25T10:32:10.200733
Mohan,@Mohan08417213,"Biggest conspirators  r 
@RSSorg
  n it's descendants, 
@BJP4India
, their monumental disasters can't put on 
@INCIndia
  in the absence of 
@RahulGandhi
  Sanghi traitors might have sold india by then. That's why such criminal attacks r made on LOP. 
@PMOIndia",2026-05-24T07:00:17.000Z,2026-05-25T10:32:10.279983
CA Naresh Dhanraj Kella,@NareshKella4BJP,"#RahulGandhi has been predicting PM Modi Ji’s downfall for years, but every election only strengthens the people’s trust in Modi Ji’s leadership.

While Congress focuses on political drama, PM 
@narendramodi
 Ji continues to focus on development, governance, and India’s global",2026-05-24T06:47:53.000Z,2026-05-25T10:32:10.360091
Rizwan,@thepatient_wolf,He said govt will fall conspiracy aagyi how cute,2026-05-24T06:26:41.000Z,2026-05-25T10:32:13.756641
Mukesh Sharma,@M_author,Stay dogs often bark and howl in unison just to attract the attention of humans but in vain ; they can be spotted running after a passing car that doesn't mean they own it.,2026-05-24T06:25:20.000Z,2026-05-25T10:32:13.841037
D. Ravi Kumar,@editorbangalore,No prediction wrong yet? Great astrologer! But we need experienced politicians who know the pulse of the people to govern the country!,2026-05-24T06:21:06.000Z,2026-05-25T10:32:13.901808
Vivek Sood (Cockroach Lover),@vivekuksood,"Spreading fake information & discrediting opposition is a common trait among all sanghis.

Honourable Minister, it’s being ridiculously juvenile to brand honourable leaders of opposition as anti nationalist just because they ask questions & call out your failures.

Please grow up",2026-05-24T06:20:40.000Z,2026-05-25T10:32:13.979300
Pawan OS Tomar,@adtomaros,"Rahul’s statement points towards a major conspiracy by the Congress, along with all opposition parties, and the toolkit gang dreaming of destabilizing India, against the country. This is no ordinary statement but a serious plot to spread anarchy in the nation…",2026-05-24T06:10:33.000Z,2026-05-25T10:32:14.041367
Sahil Yadav,@sahilyadavinc,"Dear Minister 
@PiyushGoyal
 ji ,

Why Petrol ,Diesel , Milk ,Bread, vegetable,fruits, Prices increased after election ? 
@SecRubio
 Tell us some 500 million dollars commitment who give that commitment?

What is your plan for takling  these Crisis ?",2026-05-24T06:09:54.000Z,2026-05-25T10:32:14.098148
Pawan OS Tomar,@adtomaros,Rahul‘s timeline and Indian Railways timing have same energy ,2026-05-24T06:06:15.000Z,2026-05-25T10:32:14.170960
Sanjay Kumar Pandey,@sanpanadvocate,You are going to be PM Next Year Mungeri Laal Ke Haseen Sapne ,2026-05-24T06:02:42.000Z,2026-05-25T10:32:14.234163
Minupuri,@minupuri_r,"He is like Mohd Ghori. After 16 defeats in the hands of Prithviraj Chouhan he succeeded in one war due to Jaichand. 
@RahulGandhi
 dreams that since there are many Jaichands in Hindu society, one day he will win and like Ghori he will destroy India and its culture. Hindus wake up.",2026-05-24T05:57:53.000Z,2026-05-25T10:32:14.297222
RaC,@mantallbwoy,"But he doesn't want people do Hindu Muslim but openly he is doing Muslim Muslim. New Muslim League in making... 
@RahulGandhi",2026-05-24T05:19:58.000Z,2026-05-25T10:32:18.191730
The Mask,@WS_Dude,So you are saying Muslim leaders should take a back seat to the LOP? Or that Muslim leaders should not speak about minority interests?,2026-05-24T05:17:59.000Z,2026-05-25T10:32:18.237190
Ketan Tamhane,@ketycares,Okay... But what are going to do about it? Just pray?,2026-05-24T05:13:50.000Z,2026-05-25T10:32:18.300379
Vikram K Malkani,@VikramKMalkani,"Was also hoping to hear “if Modi govt does not fall next year, I will leave politics. And India”.",2026-05-24T05:04:17.000Z,2026-05-25T10:32:18.388541
Sasi Dash,@sasidash1,In the meantime India is becoming an economic colony of the USA! Indian leadership now depends on the USA and Israel to save it.,2026-05-24T04:57:50.000Z,2026-05-25T10:32:18.452298
Onyx,@MidsK,".
@RahulGandhi
  Muslims continue to thrive on zakat, alms and donations.. there is no attempt by the scholars & educationists to uplift women... Muslims need to question their clergy, some old preachings, shed old 1400 yr old dictats and modernise",2026-05-24T03:43:21.000Z,2026-05-25T10:32:18.520246
Nitish Kumar,@nkumar_,He is hell bent on instigating riots and bulldozers are only thing in the way  They would try via their judicial deep state agents to get that out of way so that their agents can start riots en masse,2026-05-24T01:59:11.000Z,2026-05-25T10:32:18.597140
